{
  "keys": [
    "lgb_42",
    "lgb_7",
    "lgb_123",
    "xgb_42"
  ],
  "ridge_coef": [
    0.046555228531360626,
    0.2750720977783203,
    0.095168337225914,
    0.5680084824562073
  ],
  "rmse_stack": 11.885259628295898,
  "rmse_avg": 11.918394088745117,
  "per_model": {
    "lgb_42": 12.097382545471191,
    "lgb_7": 12.037073135375977,
    "lgb_123": 12.093583106994629,
    "xgb_42": 11.938451766967773
  }
}